{
  "model_type": "logistic_regression",
  "version": "1.0.0",
  "trained_on": "synthetic_hiker_dataset_v1",
  "classes": [
    "SAFE",
    "CAUTION",
    "DISORIENTED"
  ],
  "feature_names": [
    "direction_variance",
    "backtracking_ratio",
    "path_efficiency",
    "loop_score",
    "movement_entropy",
    "speed_stability",
    "stop_frequency",
    "elevation_change",
    "terrain_slope"
  ],
  "weights": [
    -0.8636382456671045,
    2.074160300800098,
    2.1883581583770995,
    -2.1985946895509194,
    2.5426522270260765,
    1.14239287103292,
    -1.158228957752273,
    1.5653963540951592,
    1.2607904167806332,
    1.515461065338511
  ],
  "feature_mean": [
    0.4608394213971938,
    0.39175421790782305,
    0.5270400305263028,
    0.3558413930999353,
    0.5333618557067907,
    0.5132985703556601,
    0.40343093662234697,
    9.128563031812599,
    11.108620451125665
  ],
  "feature_std": [
    0.2735241147292879,
    0.28308368818953655,
    0.27193479627113265,
    0.29435410010016566,
    0.25378671174176687,
    0.25173543368900797,
    0.2521210781676406,
    8.001362210468406,
    8.071050226854986
  ],
  "threshold": 0.7,
  "caution_threshold": 0.45,
  "accuracy": 0.985,
  "f1_score": 0.985
}